{
    "duration": 2.792729,
    "width": 3840,
    "height": 2160,
    "frame_rate": 59.94005994005994
}